Model,Accuracy,Precision,Recall,F1-score,Overfitting
Logistic Regression,0.9383033419023136,0.9386923175706015,0.9383033419023136,0.938411293972195,False
Random Forest,0.9996327579875137,0.9996333052930466,0.9996327579875137,0.9996327561245423,False
Light Gradient-Boosting Machine,0.9959603378626515,0.995969867378693,0.9959603378626515,0.995959848429363,False
